Raw,Time,Amplitude
b'31',6.9735837,49
b'41',6.973626,65
b'18',6.9736686,24
b'C1',6.9737105,193
b'59',6.9737531,89
b'88',6.9737949,136
b'1A',6.9738362,26
b'A8',6.973878,168
b'21',6.9739259,33
b'EB',6.9739688,235
b'77',6.9740159,119
b'27',6.9740582,39
b'C6',6.9741377,198
b'D2',6.9741808,210
b'6B',6.9742224,107
b'6D',6.9742631,109
b'28',6.9743042,40
b'A6',6.9743454,166
b'03',6.9743872,3
b'1C',6.9773465,28
b'51',6.977584,81
b'44',6.9776447,68
b'D3',6.9776887,211
b'16',6.9777316,22
b'1E',6.9777744,30
b'19',6.9778184,25
b'6B',6.9778599,107
b'F1',6.9779013,241
b'07',6.9779507,7
b'61',6.9779977,97
b'18',6.9780394,24
b'87',6.9781,135
b'15',6.9781559,21
b'88',6.9782352,136
b'01',6.9782737,1
b'B9',6.9783127,185
b'7A',6.9783509,122
b'1E',6.9783894,30
b'A7',6.9784275,167
b'22',6.9784656,34
b'4B',6.9785031,75
b'68',6.9785415,104
b'32',6.9785788,50
b'D5',6.9813707,213
b'34',6.9815014,52
b'8E',6.9815436,142
b'41',6.981583,65
b'59',6.981622,89
b'11',6.9816673,17
b'2C',6.9817074,44
b'63',6.9817455,99
b'12',6.9817837,18
b'2F',6.981822,47
b'60',6.9818598,96
b'12',6.9818991,18
b'25',6.9819387,37
b'6A',6.9819777,106
b'13',6.9820167,19
b'1A',6.9820549,26
b'83',6.9821106,131
b'15',6.9821663,21
b'10',6.982204,16
b'8B',6.9822426,139
b'16',6.9822814,22
b'98',6.982319,152
b'71',6.9823573,113
b'79',6.9823951,121
b'80',6.9855612,128
b'1B',6.9857535,27
b'97',6.9857942,151
b'92',6.9858374,146
b'2A',6.9858766,42
b'6A',6.9859236,106
b'2E',6.9859636,46
b'B5',6.9860017,181
b'C3',6.9860399,195
b'9C',6.9860776,156
b'42',6.9861147,66
b'47',6.9861904,71
b'C3',6.9862282,195
b'85',6.9862664,133
b'9E',6.9863059,158
b'22',6.9863446,34
b'70',6.9863826,112
b'11',6.9864208,17
b'D8',6.9864583,216
b'61',6.986496,97
b'48',6.9865343,72
b'81',6.9865722,129
b'1A',6.9866101,26
b'97',6.9866482,151
b'82',6.9895129,130
b'0A',6.9896524,10
b'75',6.9896972,117
b'27',6.9897395,39
b'B6',6.9897807,182
b'C2',6.9898201,194
b'BC',6.9898605,188
b'60',6.9899031,96
b'35',6.9899442,53
b'D5',6.9899924,213
b'04',6.9901027,4
b'B1',6.9901799,177
b'04',6.9902209,4
b'94',6.9902615,148
b'91',6.9903021,145
b'04',6.9903428,4
b'B5',6.9903832,181
b'11',6.9904236,17
b'03',6.9904641,3
b'76',6.9905057,118
b'51',6.9905561,81
b'12',6.9905976,18
b'D6',6.9906387,214
b'F1',6.9906795,241
b'22',6.9936899,34
b'26',6.9938874,38
b'C1',6.9939341,193
b'12',6.9939771,18
b'56',6.9940204,86
b'81',6.9940633,129
b'12',6.9941041,18
b'76',6.9941837,118
b'41',6.9942252,65
b'02',6.9942662,2
b'96',6.9943082,150
b'1E',6.9943505,30
b'2B',6.9943939,43
b'5D',6.9944359,93
b'10',6.994477,16
b'20',6.9945181,32
b'67',6.9946329,103
b'10',6.9946935,16
b'15',6.9947433,21
b'70',6.9947899,112
b'11',6.9948364,17
b'C8',6.9948809,200
b'51',6.9949276,81
b'57',6.9949703,87
b'80',6.9977862,128
b'17',6.9979881,23
b'87',6.9980344,135
b'A1',6.998076,161
b'C9',6.9981186,201
b'73',6.9981959,115
b'26',6.9982348,38
b'B6',6.9982735,182
b'33',6.9983133,51
b'5C',6.9983523,92
b'56',6.9983916,86
b'43',6.9984308,67
b'E3',6.9984703,227
b'A4',6.9985132,164
b'BF',6.9985555,191
b'30',6.9985945,48
b'6A',6.9986346,106
b'12',6.9986732,18
b'26',6.998711,38
b'74',6.998749,116
b'14',6.9987873,20
b'1D',6.998825,29
b'80',6.9988639,128
b'15',6.9989028,21
b'98',6.9989422,152
b'71',7.0018872,113
b'8A',7.0021157,138
b'85',7.0022013,133
b'1C',7.0022434,28
b'A7',7.0022932,167
b'F2',7.0023361,242
b'1B',7.0023782,27
b'72',7.0024188,114
b'2C',7.0024601,44
b'C6',7.0025009,198
b'72',7.0025399,114
b'FD',7.0025798,253
b'58',7.002619,88
b'39',7.0026589,57
b'D5',7.0026981,213
b'04',7.0027356,4
b'7E',7.0027747,126
b'3D',7.0028146,61
b'58',7.0028534,88
b'F1',7.002892,241
b'87',7.0029306,135
b'C1',7.0029688,193
b'1E',7.0030079,30
b'85',7.0030464,133
b'15',7.0059375,21
b'77',7.00613,119
b'D1',7.0062054,209
b'B8',7.0062459,184
b'7B',7.0062871,123
b'1E',7.0063257,30
b'97',7.0063638,151
b'42',7.0064025,66
b'1A',7.0064439,26
b'6B',7.0064816,107
b'29',7.0065192,41
b'B6',7.0065568,182
b'03',7.0065942,3
b'9D',7.0066311,157
b'48',7.006668,72
b'52',7.0067053,82
b'F3',7.0067424,243
b'36',7.0067795,54
b'61',7.006817,97
b'21',7.0068552,33
b'C7',7.0068999,199
b'11',7.0069396,17
b'31',7.0069779,49
b'37',7.007016,55
b'C1',7.0100588,193
b'4A',7.0102915,74
b'88',7.0103364,136
b'19',7.0103798,25
b'A8',7.0104223,168
b'31',7.0104681,49
b'BA',7.0105103,186
b'7C',7.0105524,124
b'20',7.0105943,32
b'B7',7.0106353,183
b'42',7.0106758,66
b'BC',7.0107166,188
b'62',7.0107563,98
b'3A',7.0107964,58
b'D5',7.0108393,213
b'34',7.0108814,52
b'8F',7.0109216,143
b'33',7.0109622,51
b'59',7.0110026,89
b'10',7.0110427,16
b'27',7.0110838,39
b'6F',7.0111287,111
b'11',7.0111688,17
b'1C',7.0112096,28
b'79',7.0141326,121
b'12',7.014302,18
b'12',7.0143458,18
b'84',7.014388,132
b'13',7.0144296,19
b'14',7.0144708,20
b'4D',7.0145131,77
b'B5',7.0145554,181
b'13',7.0145968,19
b'AA',7.0146377,170
b'5C',7.0146806,92
b'32',7.0147207,50
b'B5',7.0147611,181
b'E3',7.0148017,227
b'2B',7.0148424,43
b'61',7.0148828,97
b'31',7.0149323,49
b'B6',7.0149844,182
b'33',7.0150275,51
b'1C',7.0150682,28
b'65',7.0151089,101
b'30',7.01515,48
b'C6',7.0151911,198
b'72',7.0152318,114
b'FC',7.0184142,252
b'69',7.0185397,105
b'2E',7.0185819,46
b'C6',7.018621,198
b'B2',7.0186599,178
b'DB',7.0186984,219
b'72',7.0187361,114
b'28',7.0187743,40
b'B7',7.0188125,183
b'32',7.0188506,50
b'7B',7.0188908,123
b'75',7.0189291,117
b'26',7.0189668,38
b'B7',7.0190077,183
b'62',7.0190454,98
b'5A',7.0190835,90
b'76',7.0191228,118
b'23',7.0191608,35
b'A7',7.0191999,167
b'72',7.0192377,114
b'29',7.0193117,41
b'77',7.0193495,119
b'20',7.0193871,32
b'97',7.0194254,151
b'71',7.0223534,113
b'F8',7.0224727,248
b'7B',7.0225128,123
b'1B',7.0225514,27
b'87',7.0225882,135
b'B1',7.0226244,177
b'A7',7.0226599,167
b'7C',7.0226953,124
b'19',7.0227325,25
b'77',7.0227694,119
b'D1',7.0228061,209
b'98',7.0228427,152
b'7F',7.0228791,127
b'19',7.0229162,25
b'88',7.0229525,136
b'01',7.0230022,1
b'98',7.0230461,152
b'81',7.0230847,129
b'19',7.0231215,25
b'98',7.0231583,152
b'31',7.0231955,49
b'79',7.0232327,121
b'87',7.0232694,135
b'17',7.0233059,23
b'B8',7.02654,184
b'81',7.0267431,129
b'71',7.0267886,113
b'B5',7.0268305,181
b'AE',7.0268702,174
b'4E',7.0269089,78
b'45',7.0269472,69
b'E5',7.0269883,229
b'03',7.0270272,3
b'CD',7.0270654,205
b'5B',7.0271034,91
b'3A',7.0271414,58
b'D5',7.0271966,213
b'D3',7.0272523,211
b'9D',7.0272897,157
b'5F',7.0273273,95
b'37',7.027365,55
b'D6',7.0274027,214
b'03',7.0274399,3
b'5C',7.0274773,92
b'61',7.0275143,97
b'33',7.0275517,51
b'B6',7.0275897,182
b'13',7.0276277,19
b'1A',7.0305294,26
b'62',7.03072,98
b'2F',7.0307954,47
b'A6',7.0308408,166
b'32',7.0308821,50
b'D9',7.0309239,217
b'6A',7.030965,106
b'26',7.0310063,38
b'86',7.0310478,134
b'B2',7.031089,178
b'58',7.0311306,88
b'6D',7.0311715,109
b'25',7.0312493,37
b'96',7.0312906,150
b'F2',7.0313314,242
b'49',7.0313727,73
b'71',7.0314141,113
b'24',7.0314551,36
b'97',7.0314987,151
b'32',7.0315406,50
b'3A',7.0315814,58
b'75',7.0316224,117
b'23',7.0316631,35
b'A7',7.0317044,167
b'62',7.0346286,98
b'3A',7.0347651,58
b'7C',7.0348106,124
b'1F',7.0348535,31
b'A7',7.0348977,167
b'D1',7.0349395,209
b'FA',7.0349832,250
b'7E',7.0350247,126
b'1E',7.0350668,30
b'A7',7.0351085,167
b'F1',7.0351519,241
b'DA',7.0351948,218
b'80',7.0352393,128
b'1D',7.0353706,29
b'A8',7.0354466,168
b'11',7.0354839,17
b'CA',7.0355204,202
b'81',7.0355603,129
b'1C',7.035602,28
b'98',7.0356399,152
b'11',7.0357025,17
b'A8',7.035742,168
b'84',7.0357901,132
b'17',7.0358277,23
b'88',7.038757,136
b'41',7.038895,65
b'68',7.0389367,104
b'84',7.0389753,132
b'15',7.0390133,21
b'88',7.0390509,136
b'41',7.0390904,65
b'4A',7.0391282,74
b'84',7.0391731,132
b'13',7.0392307,19
b'C8',7.0392854,200
b'41',7.0393222,65
b'3F',7.039359,63
b'86',7.0393957,134
b'13',7.039432,19
b'12',7.0394686,18
b'47',7.0395043,71
b'B5',7.0395395,181
b'A3',7.0395809,163
b'7C',7.0396197,124
b'5C',7.0396572,92
b'36',7.0396967,54
b'C5',7.0397384,197
b'F3',7.039777,243
b'5C',7.042779,92
b'61',7.0429641,97
b'34',7.0430047,52
b'C6',7.0430447,198
b'33',7.0431614,51
b'2C',7.0432014,44
b'6C',7.0432744,108
b'2C',7.0433123,44
b'C6',7.0433502,198
b'E2',7.043388,226
b'BC',7.0434259,188
b'6F',7.0434642,111
b'2A',7.0435025,42
b'B7',7.0435413,183
b'02',7.0435788,2
b'9B',7.0436172,155
b'71',7.043666,113
b'28',7.0437093,40
b'B7',7.0437474,183
b'22',7.0437853,34
b'7B',7.0438227,123
b'73',7.043861,115
b'25',7.0438993,37
b'A7',7.0439378,167
b'32',7.0468474,50
b'49',7.0469676,73
b'78',7.0470086,120
b'1C',7.0470481,28
b'87',7.047086,135
b'81',7.0471224,129
b'D8',7.0471671,216
b'78',7.0472049,120
b'1C',7.0472757,28
b'77',7.0473129,119
b'C1',7.0473497,193
b'B8',7.0473865,184
b'7A',7.047423,122
b'1B',7.0474601,27
b'87',7.0474971,135
b'B1',7.0475343,177
b'B8',7.0475715,184
b'7D',7.0476083,125
b'1B',7.047645,27
b'87',7.0476819,135
b'E1',7.0477188,225
b'B8',7.0477554,184
b'83',7.0477921,131
b'19',7.0478285,25
b'98',7.050999,152
b'41',7.0511307,65
b'89',7.0511771,137
b'85',7.0512406,133
b'18',7.0513018,24
b'98',7.0513439,152
b'61',7.0513864,97
b'89',7.0514289,137
b'87',7.0514704,135
b'16',7.0515126,22
b'A8',7.0515542,168
b'81',7.0516106,129
b'8C',7.0516535,140
b'88',7.0516944,136
b'17',7.0517348,23
b'F8',7.051776,248
b'91',7.051819,145
b'71',7.05186,113
b'E4',7.0519008,228
b'DD',7.0519418,221
b'59',7.051982,89
b'3A',7.0520232,58
b'C5',7.0520636,197
b'B3',7.0521041,179
b'8C',7.052145,140
b'5B',7.0551208,91
b'35',7.0552518,53
b'B5',7.0552974,181
b'C3',7.0553409,195
b'3A',7.0553828,58
b'64',7.0554307,100
b'2B',7.0554729,43
b'96',7.0555146,150
b'52',7.0555561,82
b'A9',7.0555976,169
b'66',7.0556387,102
b'29',7.0556802,41
b'96',7.0557208,150
b'82',7.0557623,130
b'89',7.0558035,137
b'6A',7.0558523,106
b'28',7.055906,40
b'A6',7.0559487,166
b'C2',7.0559905,194
b'8A',7.0560316,138
b'6E',7.0560731,110
b'27',7.0561136,39
b'A7',7.0561543,167
b'02',7.056195,2
b'7A',7.0593013,122
b'77',7.05953,119
b'22',7.0595718,34
b'A7',7.0596107,167
b'82',7.059649,130
b'2A',7.0596876,42
b'7A',7.0597976,122
b'21',7.0598394,33
b'A7',7.0598783,167
b'B2',7.0599224,178
b'1B',7.0599624,27
b'7C',7.0600009,124
b'20',7.0600395,32
b'A7',7.0600783,167
b'D1',7.0601162,209
b'FA',7.0601555,250
b'7E',7.0601935,126
b'1F',7.0602663,31
b'A7',7.0603049,167
b'E1',7.060343,225
b'EA',7.0603814,234
b'82',7.0604206,130
b'1A',7.0604584,26
b'98',7.0604963,152
b'21',7.0632223,33
b'98',7.0633459,152
b'82',7.0633875,130
b'18',7.0634267,24
b'88',7.0634635,136
b'21',7.0635006,33
b'77',7.0635369,119
b'82',7.0635724,130
b'16',7.0636279,22
b'78',7.0636946,120
b'21',7.0637665,33
b'57',7.0638193,87
b'82',7.0638717,130
b'15',7.0657377,21
b'78',7.0658202,120
b'31',7.0658607,49
b'51',7.0659094,81
b'44',7.0659496,68
b'FC',7.0659886,252
b'52',7.0660347,82
b'3C',7.0660733,60
b'C5',7.0661112,197
b'53',7.0661486,83
b'BC',7.0661865,188
b'58',7.0673446,88
b'3A',7.0674789,58
b'C5',7.0675214,197
b'A3',7.0675651,163
b'9C',7.0676056,156
b'64',7.0676447,100
b'32',7.0676917,50
b'C6',7.0677302,198
b'62',7.0677694,98
b'CC',7.0678087,204
b'68',7.0678474,104
b'30',7.0678888,48
b'C6',7.0679339,198
b'92',7.0679723,146
b'FB',7.0680107,251
b'71',7.0680492,113
b'2D',7.0680881,45
b'C6',7.0681552,198
b'C2',7.0681937,194
b'CC',7.0682314,204
b'6D',7.0682684,109
b'2B',7.0683062,43
b'B6',7.0683436,182
b'E2',7.0683961,226
b'9A',7.0715495,154
b'74',7.0717434,116
b'23',7.071788,35
b'97',7.0718301,151
b'42',7.0718706,66
b'29',7.0719119,41
b'74',7.0719646,116
b'20',7.0720229,32
b'87',7.0720793,135
b'41',7.0721399,65
b'F8',7.0721914,248
b'75',7.0722313,117
b'1E',7.0723165,30
b'87',7.0723651,135
b'61',7.0724153,97
b'B8',7.0724633,184
b'78',7.0725029,120
b'1D',7.0725406,29
b'87',7.0725781,135
b'91',7.0726153,145
b'D8',7.0726526,216
b'7F',7.0726896,127
b'1B',7.0727266,27
b'98',7.0727635,152
b'01',7.0757949,1
b'A9',7.0759681,169
b'81',7.0760063,129
b'1A',7.0760424,26
b'98',7.0760777,152
b'31',7.0761124,49
b'A9',7.0761469,169
b'84',7.0761815,132
b'1A',7.076216,26
b'A8',7.0762502,168
b'51',7.0762843,81
b'A9',7.0763566,169
b'86',7.0764651,134
b'19',7.076514,25
b'A8',7.0766823,168
b'61',7.0767306,97
b'91',7.0767671,145
b'05',7.0768021,5
b'9E',7.0768371,158
b'50',7.0768715,80
b'43',7.0769063,67
b'E5',7.0769459,229
b'24',7.0770234,36
b'1D',7.0770705,29
b'53',7.0799112,83
b'3F',7.0800442,63
b'C5',7.0800898,197
b'43',7.0801867,67
b'CB',7.0802242,203
b'5D',7.08026,93
b'33',7.0803327,51
b'A5',7.0803684,165
b'E3',7.0804034,227
b'1A',7.0804385,26
b'5F',7.080477,95
b'2F',7.080512,47
b'A6',7.0805466,166
b'02',7.0805817,2
b'DA',7.0806183,218
b'62',7.0806532,98
b'2D',7.0806879,45
b'A6',7.0807225,166
b'42',7.0807571,66
b'CA',7.0807947,202
b'66',7.0808314,102
b'2B',7.0808659,43
b'A6',7.0809003,166
b'92',7.0809348,146
b'BA',7.0837978,186
b'71',7.0839821,113
b'26',7.0840209,38
b'A7',7.0840568,167
b'22',7.084092,34
b'5A',7.0841267,90
b'74',7.084161,116
b'25',7.084196,37
b'A7',7.0842314,167
b'52',7.0842661,82
b'4B',7.0843379,75
b'77',7.084372,119
b'24',7.0844063,36
b'B7',7.0844405,183
b'82',7.0844746,130
b'3B',7.0845899,59
b'79',7.0846327,121
b'22',7.0846688,34
b'A7',7.0847056,167
b'A2',7.0847461,162
b'1A',7.0847836,26
b'7F',7.0848202,127
b'1E',7.0848573,30
b'A7',7.0848942,167
b'F1',7.087997,241
b'D9',7.0881749,217
b'7F',7.0882137,127
b'19',7.08825,25
b'97',7.0882852,151
b'F1',7.08832,241
b'A8',7.0883547,168
b'7F',7.0883889,127
b'19',7.088424,25
b'78',7.0884583,120
b'21',7.0884926,33
b'67',7.0885267,103
b'7F',7.0885607,127
b'17',7.0885949,23
b'78',7.0886291,120
b'01',7.0886626,1
b'77',7.0886987,119
b'84',7.0887352,132
b'15',7.0887689,21
b'98',7.0888025,152
b'51',7.0888365,81
b'5C',7.0888703,92
b'86',7.088904,134
b'15',7.0889376,21
b'F8',7.0920272,248
b'71',7.0921985,113
b'51',7.0922363,81
b'25',7.0922721,37
b'4C',7.0923079,76
b'5A',7.0923426,90
b'39',7.0923769,57
b'D5',7.0924111,213
b'C3',7.0924457,195
b'8C',7.0924799,140
b'5F',7.0925141,95
b'37',7.0925487,55
b'D6',7.0925829,214
b'13',7.092617,19
b'6D',7.0926542,109
b'63',7.092689,99
b'34',7.0927272,52
b'C6',7.0927684,198
b'43',7.0928099,67
b'3C',7.0928532,60
b'66',7.0928891,102
b'2C',7.0929237,44
b'C6',7.092958,198
b'73',7.0929923,115
b'0B',7.0960177,11
b'6E',7.0963129,110
b'29',7.096358,41
b'A6',7.0963952,166
b'F2',7.0964314,242
b'7A',7.0964667,122
b'6F',7.0965024,111
b'26',7.0965378,38
b'96',7.0965748,150
b'F2',7.0966098,242
b'49',7.0966445,73
b'70',7.0966794,112
b'23',7.096714,35
b'87',7.0967486,135
b'02',7.096783,2
b'18',7.0968178,24
b'71',7.0968575,113
b'21',7.096893,33
b'87',7.0969304,135
b'32',7.0969659,50
b'18',7.0970005,24
b'79',7.0970351,121
b'1D',7.0970696,29
b'97',7.0971041,151
b'B1',7.1001574,177
b'D9',7.1003688,217
b'7C',7.1004069,124
b'1D',7.1004431,29
b'97',7.1004783,151
b'D1',7.1005131,209
b'D9',7.1005484,217
b'7F',7.1005831,127
b'1D',7.1006178,29
b'A8',7.1006523,168
b'01',7.1006888,1
b'CA',7.100724,202
b'81',7.1007583,129
b'1C',7.1007924,28
b'A8',7.1008267,168
b'21',7.1008628,33
b'B9',7.1008984,185
b'86',7.1009328,134
b'19',7.1009669,25
b'A8',7.1010106,168
b'61',7.1010474,97
b'89',7.1010816,137
b'87',7.1011155,135
b'18',7.1011493,24
b'A8',7.1044985,168
b'71',7.1046445,113
b'7B',7.1046836,123
b'87',7.1047205,135
b'16',7.1047573,22
b'D8',7.1047942,216
b'71',7.1048312,113
b'5F',7.1048678,95
b'87',7.1049039,135
b'14',7.1049402,20
b'11',7.1049777,17
b'48',7.1050163,72
b'B5',7.1050525,181
b'73',7.1050941,115
b'5A',7.10513,90
b'59',7.1051661,89
b'34',7.1052018,52
b'A5',7.1052376,165
b'A3',7.1052732,163
b'3A',7.1053087,58
b'5D',7.105347,93
b'32',7.1053834,50
b'A5',7.1054187,165
b'F3',7.1054543,243
b'1A',7.105509,26
b'69',7.1084338,105
b'2B',7.1086096,43
b'A6',7.1086476,166
b'B2',7.1086836,178
b'AA',7.1087184,170
b'6D',7.1087533,109
b'2A',7.1087877,42
b'B6',7.108822,182
b'F2',7.108856,242
b'5B',7.1088896,91
b'70',7.1089232,112
b'29',7.108957,41
b'B7',7.1089905,183
b'22',7.1090247,34
b'8B',7.1090596,139
b'78',7.1091007,120
b'23',7.1091348,35
b'B7',7.1091718,183
b'42',7.1092062,66
b'6B',7.1092422,107
b'7A',7.1092783,122
b'22',7.1093128,34
b'A7',7.1093467,167
b'B2',7.1093805,178
b'1A',7.1126184,26
b'7B',7.1128389,123
b'20',7.1128788,32
b'A7',7.1129169,167
b'B1',7.1129543,177
b'E9',7.1129908,233
b'7B',7.113027,123
b'1D',7.1130636,29
b'87',7.113107,135
b'B1',7.113148,177
b'C8',7.1131905,200
b'7B',7.1132324,123
b'1B',7.1132744,27
b'87',7.1133109,135
b'B1',7.1133472,177
b'77',7.1133831,119
b'7F',7.113456,127
b'17',7.1134902,23
b'78',7.1135241,120
b'01',7.1135581,1
b'77',7.1135919,119
b'82',7.1136279,130
b'17',7.1136626,23
b'88',7.1136969,136
b'31',7.1166484,49
b'78',7.1168673,120
b'84',7.1169077,132
b'17',7.1169461,23
b'88',7.1169838,136
b'51',7.1170206,81
b'79',7.1170567,121
b'86',7.1170935,134
b'17',7.11713,23
b'B8',7.1171661,184
b'81',7.1172018,129
b'71',7.1172377,113
b'A5',7.1172766,165
b'0D',7.1173125,13
b'58',7.1173481,88
b'3D',7.1173847,61
b'D5',7.1174391,213
b'A3',7.1174921,163
b'BD',7.1175259,189
b'5B',7.1175616,91
b'3A',7.1175956,58
b'D5',7.1176294,213
b'D3',7.1176653,211
b'8C',7.1177001,140
b'66',7.1206455,102
b'31',7.1208435,49
b'C6',7.1209221,198
b'72',7.1209708,114
b'FB',7.1210171,251
b'68',7.1210776,104
b'2D',7.1211281,45
b'A6',7.1211644,166
b'82',7.1211995,130
b'BA',7.1212344,186
b'69',7.1212822,105
b'29',7.1213215,41
b'96',7.1213563,150
b'A2',7.1213908,162
b'89',7.1214253,137
b'6A',7.1214596,106
b'26',7.1214938,38
b'86',7.1215279,134
b'B2',7.121562,178
b'58',7.121596,88
b'72',7.1216299,114
b'21',7.1216643,33
b'87',7.1216984,135
b'42',7.1217367,66
b'19',7.1247958,25
b'76',7.1249767,118
b'21',7.1250144,33
b'97',7.1250522,151
b'72',7.1250882,114
b'0A',7.1251257,10
b'79',7.1251605,121
b'20',7.125195,32
b'A7',7.1252292,167
b'A2',7.1252639,162
b'0A',7.1252981,10
b'7C',7.1253321,124
b'1F',7.125366,31
b'A7',7.1254002,167
b'D1',7.1254344,209
b'FA',7.1255609,250
b'82',7.1256407,130
b'1C',7.1256848,28
b'A8',7.1257271,168
b'31',7.1257684,49
b'BA',7.1258091,186
b'83',7.1258512,131
b'1A',7.1258937,26
b'A8',7.125936,168
b'41',7.1289565,65
b'A9',7.1291761,169
b'85',7.1292191,133
b'19',7.1292569,25
b'98',7.1292944,152
b'41',7.1293307,65
b'89',7.1293679,137
b'84',7.1294043,132
b'17',7.1294585,23
b'88',7.1295147,136
b'41',7.129549,65
b'61',7.1295836,97
b'05',7.1296178,5
b'3B',7.1296585,59
b'4E',7.1296927,78
b'36',7.1297273,54
b'B4',7.1297613,180
b'F3',7.1297952,243
b'BA',7.1298289,186
b'51',7.1298625,81
b'3A',7.1298958,58
b'A5',7.1299306,165
b'C3',7.129964,195
b'2A',7.1299975,42
b'5E',7.1329715,94
b'31',7.1332182,49
b'A6',7.1332663,166
b'13',7.1333054,19
b'1B',7.1333446,27
b'63',7.1333822,99
b'30',7.1334199,48
b'B6',7.1334943,182
b'52',7.1335289,82
b'FB',7.1335746,251
b'67',7.1336264,103
b'2E',7.1336693,46
b'C6',7.1337113,198
b'92',7.1337635,146
b'EC',7.1338156,236
b'6B',7.1338649,107
b'2D',7.1339021,45
b'C6',7.133936,198
b'D2',7.1339701,210
b'CB',7.1340032,203
b'74',7.1340366,116
b'23',7.1340699,35
b'B7',7.1341033,183
b'52',7.1341366,82
b'5B',7.1370768,91
b'76',7.1372927,118
b'24',7.1373351,36
b'B7',7.1373726,183
b'62',7.1374086,98
b'3A',7.1374447,58
b'77',7.1375191,119
b'22',7.1375528,34
b'A7',7.137586,167
b'72',7.1376197,114
b'09',7.1376535,9
b'77',7.1376868,119
b'1F',7.137722,31
b'87',7.1377557,135
b'71',7.137789,113
b'E8',7.1378229,232
b'7B',7.1378573,123
b'1A',7.1378912,26
b'77',7.1379247,119
b'C1',7.1379584,193
b'97',7.137992,151
b'7D',7.1380255,125
b'19',7.1380588,25
b'87',7.138092,135
b'F1',7.1411907,241
b'98',7.1415123,152
b'80',7.1415647,128
b'19',7.1416042,25
b'88',7.1416428,136
b'11',7.1416824,17
b'99',7.1417246,153
b'83',7.1417612,131
b'19',7.1417963,25
b'98',7.1418309,152
b'41',7.1418651,65
b'9C',7.1418992,156
b'88',7.141933,136
b'17',7.1419669,23
b'E8',7.1420008,232
b'91',7.1420347,145
b'71',7.1420684,113
b'15',7.1421029,21
b'8E',7.1422184,142
b'51',7.1422639,81
b'43',7.1422982,67
b'E5',7.1423324,229
b'34',7.1423662,52
b'1D',7.14242,29
b'5D',7.1453214,93
b'38',7.1455822,56
b'D5',7.1456239,213
b'F3',7.1456594,243
b'7D',7.1456998,125
b'60',7.1457347,96
b'35',7.1457685,53
b'C6',7.1458031,198
b'13',7.1458372,19
b'3B',7.1458714,59
b'62',7.1459049,98
b'30',7.1459388,48
b'A6',7.1459728,166
b'22',7.1460064,34
b'FA',7.1460403,250
b'63',7.1460741,99
b'2D',7.1461075,45
b'A6',7.1461408,166
b'42',7.1461741,66
b'B8',7.1462075,184
b'6B',7.1462404,107
b'25',7.1462737,37
b'86',7.1463069,134
b'D2',7.1463402,210
b'59',7.1493272,89
b'6F',7.1495676,111
b'24',7.1496064,36
b'97',7.1496417,151
b'02',7.1496755,2
b'49',7.1497114,73
b'72',7.1497462,114
b'24',7.1497797,36
b'A7',7.149813,167
b'42',7.1498466,66
b'4A',7.1498797,74
b'76',7.1499132,118
b'23',7.1499469,35
b'A7',7.1499808,167
b'72',7.1500156,114
b'3A',7.150049,58
b'7D',7.1501183,125
b'1F',7.150153,31
b'A7',7.1501867,167
b'E1',7.1502202,225
b'EA',7.1502535,234
b'7F',7.1502868,127
b'1E',7.1503201,30
b'A8',7.1503535,168
b'01',7.1534988,1
b'DA',7.1536789,218
b'80',7.1537249,128
b'1D',7.1537662,29
b'A8',7.1538071,168
b'11',7.1538427,17
b'CA',7.153879,202
b'81',7.1539143,129
b'1B',7.1539486,27
b'98',7.1539824,152
b'11',7.1540162,17
b'98',7.1540499,152
b'84',7.1540837,132
b'16',7.1541185,22
b'88',7.1541532,136
b'41',7.154188,65
b'37',7.1542221,55
b'84',7.1542561,132
b'14',7.1542897,20
b'98',7.1543234,152
b'41',7.1543567,65
b'31',7.1543905,49
b'65',7.154424,101
b'6B',7.1544576,107
b'53',7.1576312,83
b'39',7.1578144,57
b'B5',7.1578543,181
b'63',7.157892,99
b'1B',7.1579278,27
b'59',7.1579637,89
b'37',7.1579992,55
b'C5',7.1580376,197
b'C3',7.1580737,195
b'6C',7.1581173,108
b'5E',7.158165,94
b'35',7.1582077,53
b'C6',7.1582503,198
b'03',7.1582935,3
b'4C',7.1583498,76
b'63',7.1584075,99
b'33',7.1584448,51
b'C6',7.1584789,198
b'43',7.1585128,67
b'2C',7.158547,44
b'6D',7.1585807,109
b'2C',7.1586143,44
b'C6',7.1586478,198
b'E2',7.1586816,226
b'BC',7.1587159,188
b'70',7.1617689,112
b'2A',7.1619429,42
b'B7',7.1619801,183
b'12',7.1620152,18
b'8B',7.1620494,139
b'72',7.1620833,114
b'27',7.1621171,39
b'B7',7.1621529,183
b'22',7.1621871,34
b'6A',7.1622204,106
b'72',7.1622539,114
b'24',7.1622874,36
b'97',7.1623207,151
b'32',7.1623541,50
b'28',7.1623885,40
b'78',7.1624221,120
b'1E',7.1624557,30
b'87',7.1624894,135
b'81',7.162523,129
b'C8',7.1625638,200
b'78',7.1625985,120
b'1C',7.1626324,28
b'87',7.1626683,135
b'91',7.162702,145
b'B8',7.1658996,184
b'7B',7.1660802,123
b'1B',7.1661182,27
b'87',7.1661531,135
b'C1',7.1661874,193
b'B8',7.1662213,184
b'7E',7.1662551,126
b'1B',7.1662887,27
b'97',7.1663243,151
b'F1',7.1663586,241
b'B9',7.1663918,185
b'84',7.1664269,132
b'18',7.1664607,24
b'98',7.1664945,152
b'51',7.1665281,81
b'89',7.1665616,137
b'86',7.1665961,134
b'18',7.1667118,24
b'98',7.1667564,152
b'71',7.1667917,113
b'89',7.1668251,137
b'88',7.1668588,136
b'18',7.1668931,24
b'C8',7.1669268,200
b'81',7.169878,129
b'7E',7.17005,126
b'88',7.1700873,136
b'17',7.1701227,23
b'10',7.1701571,16
b'4E',7.1701917,78
b'D5',7.1702264,213
b'93',7.1702606,147
b'BD',7.1702946,189
b'5A',7.1703305,90
b'38',7.1703646,56
b'C5',7.1704029,197
b'B3',7.1704398,179
b'6B',7.1704752,107
b'5C',7.1705104,92
b'34',7.1705456,52
b'B5',7.1705806,181
b'C3',7.1706159,195
b'2A',7.1706591,42
b'64',7.1706946,100
b'2B',7.1707298,43
b'96',7.1707643,150
b'52',7.1708406,82
b'98',7.1709051,152
b'67',7.1738991,103
b'29',7.1740281,41
b'96',7.1740729,150
b'92',7.1741137,146
b'8A',7.1741481,138
b'6C',7.1741823,108
b'28',7.174216,40
b'A6',7.1742496,166
b'E2',7.1742833,226
b'7A',7.1743172,122
b'70',7.174353,112
b'27',7.1743883,39
b'A7',7.1744223,167
b'22',7.174456,34
b'6A',7.1744891,106
b'78',7.1745225,120
b'22',7.1745556,34
b'A7',7.1745889,167
b'92',7.1746224,146
b'2A',7.1746557,42
b'7B',7.1746889,123
b'1E',7.1747224,30
b'A7',7.174756,167
b'C2',7.174791,194
b'1A',7.1781425,26
b'7D',7.178317,125
b'20',7.1783541,32
b'A8',7.1783894,168
b'11',7.1784243,17
b'CA',7.1784585,202
b'7E',7.1785357,126
b'1E',7.1785715,30
b'A7',7.1786069,167
b'E1',7.1786421,225
b'D9',7.1786773,217
b'82',7.1787158,130
b'19',7.1787519,25
b'88',7.1787867,136
b'21',7.1788217,33
b'88',7.1788567,136
b'82',7.1788996,130
b'17',7.1789352,23
b'88',7.17897,136
b'21',7.179005,33
b'67',7.1790414,103
b'82',7.1790818,130
b'15',7.1791194,21
b'78',7.1791564,120
b'21',7.182247,33
b'57',7.1824182,87
b'83',7.1824554,131
b'13',7.1824904,19
b'88',7.1825252,136
b'41',7.1825599,65
b'51',7.1825938,81
b'64',7.1826279,100
b'EC',7.1826615,236
b'54',7.1826953,84
b'3C',7.1827287,60
b'C5',7.182762,197
b'73',7.1827975,115
b'BC',7.1828321,188
b'59',7.1828654,89
b'3A',7.182899,58
b'D5',7.1829327,213
b'C3',7.1829663,195
b'9C',7.1829998,156
b'65',7.1830668,101
b'31',7.1831011,49
b'C6',7.1831352,198
b'73',7.1831687,115
b'0C',7.1832044,12
b'68',7.18616,104
b'2F',7.1863385,47
b'C6',7.1863759,198
b'A2',7.1864117,162
b'EC',7.1864608,236
b'6B',7.1864959,107
b'2D',7.1865301,45
b'C6',7.1865643,198
b'D2',7.1865978,210
b'BC',7.1866314,188
b'6E',7.18667,110
b'29',7.1867042,41
b'A6',7.1867376,166
b'E2',7.1867737,226
b'89',7.1868083,137
b'74',7.1868423,116
b'22',7.186876,34
b'97',7.1869097,151
b'42',7.1869431,66
b'18',7.1869766,24
b'74',7.1870098,116
b'1F',7.1870441,31
b'87',7.1870777,135
b'51',7.1871111,81
b'E8',7.190358,232
b'76',7.1905297,118
b'1E',7.1905669,30
b'87',7.1906022,135
b'71',7.1906372,113
b'E8',7.1906712,232
b'79',7.1907051,121
b'1D',7.1907393,29
b'97',7.1907737,151
b'A1',7.19081,161
b'D9',7.1908437,217
b'80',7.1908774,128
b'1B',7.1909112,27
b'98',7.1909448,152
b'11',7.1909834,17
b'A9',7.1910172,169
b'82',7.1910518,130
b'1A',7.1910859,26
b'98',7.1911196,152
b'31',7.1911568,49
b'A9',7.1911905,169
b'84',7.1912242,132
b'1A',7.1912582,26
b'A8',7.1912916,168
b'51',7.1944655,81
b'9A',7.1947033,154
b'86',7.1947403,134
b'19',7.1947757,25
b'98',7.1948099,152
b'71',7.1948437,113
b'81',7.1948775,129
b'15',7.1949112,21
b'7E',7.1949449,126
b'51',7.1949872,81
b'42',7.1950409,66
b'D5',7.1950749,213
b'24',7.1951085,36
b'0D',7.195142,13
b'53',7.1951755,83
b'3D',7.1952181,61
b'C5',7.1952527,197
b'43',7.1952868,67
b'BB',7.1953215,187
b'5D',7.1953555,93
b'31',7.1953894,49
b'A5',7.1954231,165
b'E3',7.1954565,227
b'0A',7.1954902,10
b'60',7.1986586,96
b'2E',7.1988028,46
b'A6',7.1988411,166
b'12',7.1988908,18
b'8A',7.1989403,138
b'64',7.1989825,100
b'2C',7.1990247,44
b'A6',7.1990759,166
b'62',7.199133,98
b'CA',7.1991716,202
b'6E',7.199205,110
b'27',7.1992389,39
b'A6',7.1992787,166
b'A2',7.1993132,162
b'BA',7.199347,186
b'72',7.1993805,114
b'26',7.199416,38
b'A7',7.1994504,167
b'32',7.1994837,50
b'5A',7.1995172,90
b'75',7.1995505,117
b'25',7.199584,37
b'B7',7.1996315,183
b'62',7.1996661,98
b'4B',7.2027116,75
b'78',7.2028415,120
b'23',7.2028873,35
b'B7',7.2029289,183
b'92',7.2029696,146
b'3B',7.2030099,59
b'7A',7.2030496,122
b'22',7.20309,34
b'B7',7.2031954,183
b'A1',7.2032429,161
b'EA',7.2032838,234
b'7F',7.2033261,127
b'1D',7.2033684,29
b'97',7.2034095,151
b'F1',7.2034594,241
b'C9',7.2034988,201
b'7F',7.2035383,127
b'1A',7.2035802,26
b'87',7.2036265,135
b'F1',7.203668,241
b'98',7.2037048,152
b'7F',7.2037408,127
b'18',7.203778,24
b'77',7.2038162,119
b'F1',7.2067665,241
b'77',7.2069427,119
b'7F',7.2069801,127
b'17',7.2070149,23
b'78',7.2070495,120
b'11',7.2070836,17
b'79',7.2071172,121
b'85',7.2071514,133
b'15',7.2071858,21
b'B8',7.2072198,184
b'61',7.2072678,97
b'5E',7.207302,94
b'87',7.2073356,135
b'15',7.2073689,21
b'11',7.2074025,17
b'55',7.2074359,85
b'D5',7.207469,213
b'14',7.2075022,20
b'1C',7.2075851,28
b'5C',7.207621,92
b'38',7.207656,56
b'D5',7.2076908,213
b'E3',7.2077257,227
b'7D',7.2077606,125
b'61',7.2108719,97
b'36',7.2110539,54
b'D6',7.2110939,214
b'23',7.2111304,35
b'5C',7.2111706,92
b'64',7.2112134,100
b'33',7.2112566,51
b'C6',7.211299,198
b'63',7.2113474,99
b'2C',7.2114045,44
b'67',7.2114453,103
b'30',7.2114801,48
b'C6',7.2115138,198
b'82',7.2115474,130
b'EA',7.2115806,234
b'6F',7.2116142,111
b'28',7.2116886,40
b'A6',7.2117229,166
b'F2',7.2117562,242
b'69',7.2117922,105
b'6F',7.211826,111
b'24',7.2118602,36
b'97',7.2118943,151
b'02',7.2119279,2
b'38',7.2119614,56
b'70',7.2150274,112
b'22',7.2151748,34
b'87',7.2152148,135
b'12',7.2152547,18
b'18',7.2152908,24
b'73',7.2153271,115
b'21',7.2153628,33
b'87',7.2153988,135
b'42',7.215434,66
b'09',7.2154875,9
b'7A',7.2155237,122
b'1D',7.2155597,29
b'97',7.215595,151
b'C1',7.2156685,193
b'D9',7.2157095,217
b'7D',7.2157438,125
b'1D',7.2157779,29
b'97',7.2158119,151
b'F1',7.2158457,241
b'DA',7.2158817,218
b'80',7.2159158,128
b'1A',7.2159495,26
b'A8',7.2159828,168
b'11',7.2160165,17
b'CA',7.2190233,202
b'82',7.219172,130
b'1C',7.2192147,28
b'98',7.2192579,152
b'61',7.2192968,97
b'99',7.2193375,153
b'86',7.2193761,134
b'18',7.2194184,24
b'98',7.2194569,152
b'71',7.219495,113
b'89',7.2195492,137
b'87',7.2195889,135
b'17',7.2196279,23
b'B8',7.2197061,184
b'71',7.2197424,113
b'6D',7.2197788,109
b'87',7.2198182,135
b'15',7.2198553,21
b'F8',7.2198914,248
b'71',7.2199274,113
b'41',7.2199656,65
b'14',7.2200021,20
b'8B',7.2200376,139
b'57',7.2200736,87
b'36',7.2230878,54
b'A5',7.2233187,165
b'83',7.2233638,131
b'4A',7.2234003,74
b'5A',7.2234351,90
b'33',7.2234693,51
b'A5',7.2235035,165
b'D3',7.2235373,211
b'2A',7.2235718,42
b'5F',7.2236061,95
b'31',7.2236404,49
b'B6',7.2236745,182
b'13',7.2237084,19
b'1A',7.2237436,26
b'6A',7.2237826,106
b'26',7.2238195,38
b'B6',7.2238551,182
b'C2',7.2238911,194
b'AB',7.2239264,171
b'6E',7.2239603,110
b'29',7.2240038,41
b'B7',7.2240437,183
b'02',7.2240777,2
b'9B',7.2241108,155
b'71',7.2272405,113
b'28',7.2274125,40
b'B7',7.2274498,183
b'32',7.2274859,50
b'7B',7.2275209,123
b'74',7.2275774,116
b'26',7.2276298,38
b'B7',7.2276654,183
b'52',7.227701,82
b'5A',7.2277367,90
b'7B',7.2277719,123
b'21',7.2278076,33
b'A7',7.2278426,167
b'B2',7.227882,178
b'0A',7.2279228,10
b'7B',7.2279788,123
b'1F',7.2280241,31
b'97',7.2280601,151
b'B1',7.2280958,177
b'D9',7.2281315,217
b'7B',7.2281667,123
b'1C',7.228207,28
b'87',7.2282457,135
b'B1',7.2282814,177
b'B8',7.2313708,184
b'7B',7.2315423,123
b'1A',7.2316184,26
b'77',7.2316554,119
b'C1',7.2316915,193
b'97',7.2317278,151
b'80',7.2317646,128
b'17',7.2318008,23
b'78',7.2318372,120
b'21',7.231873,33
b'78',7.2319087,120
b'83',7.2319444,131
b'17',7.2319796,23
b'88',7.2320147,136
b'41',7.23205,65
b'78',7.2320853,120
b'85',7.2321251,133
b'17',7.2321692,23
b'98',7.2322045,152
b'71',7.2322403,113
b'7C',7.2322758,124
b'87',7.2323114,135
b'17',7.2323469,23
b'E8',7.2323884,232
b'91',7.235493,145
b'71',7.235719,113
b'E4',7.2357598,228
b'DD',7.2357976,221
b'5A',7.2358341,90
b'3B',7.2358704,59
b'D5',7.2359063,213
b'C3',7.235942,195
b'9D',7.2359776,157
b'5E',7.2360129,94
b'38',7.2360498,56
b'D5',7.2360865,213
b'F3',7.2361228,243
b'6C',7.2361588,108
b'68',7.2361945,104
b'2F',7.2362304,47
b'C6',7.2362755,198
b'82',7.2363111,130
b'DA',7.2363464,218
b'69',7.2363819,105
b'2B',7.2364176,43
b'A6',7.2364532,166
b'92',7.2364888,146
b'99',7.2365243,153
b'6A',7.2394933,106
b'27',7.2397209,39
b'96',7.2397601,150
b'B2',7.2397979,178
b'28',7.2398348,40
b'6C',7.2398714,108
b'25',7.239907,37
b'96',7.2399428,150
b'D2',7.2399782,210
b'58',7.2400138,88
b'74',7.2400491,116
b'20',7.2400847,32
b'97',7.24012,151
b'62',7.2401564,98
b'09',7.2401925,9
b'78',7.2402286,120
b'20',7.240304,32
b'97',7.2403402,151
b'92',7.240376,146
b'0A',7.2404117,10
b'7B',7.2404469,123
b'20',7.2404824,32
b'A7',7.2405176,167
b'C1',7.2405528,193
b'FA',7.243518,250
b'7D',7.243773,125
b'1F',7.2438142,31
b'A7',7.2438538,167
b'F1',7.24389,241
b'EA',7.2439263,234
b'83',7.243962,131
b'1B',7.2439979,27
b'A8',7.2440335,168
b'41',7.2440878,65
b'8A',7.2441247,138
b'84',7.2441607,132
b'1A',7.2441964,26
b'98',7.2442329,152
b'51',7.2442688,81
b'99',7.2443047,153
b'85',7.2443475,133
b'18',7.2443832,24
b'98',7.244419,152
b'51',7.2444549,81
b'78',7.2444902,120
b'84',7.2445254,132
b'16',7.2445603,22
b'88',7.2445955,136
b'41',7.2478851,65
b'51',7.2480306,81
b'34',7.2480726,52
b'FB',7.2481107,251
b'50',7.2481476,80
b'3B',7.2481847,59
b'B5',7.2482211,181
b'23',7.2482579,35
b'9B',7.2482939,155
b'54',7.2483298,84
b'38',7.2483658,56
b'B5',7.2484017,181
b'73',7.2484372,115
b'7A',7.2484728,122
b'61',7.2488541,97
b'30',7.248958,48
b'A6',7.2490028,166
b'33',7.2490462,51
b'0B',7.2490888,11
b'65',7.2491317,101
b'2F',7.2491736,47
b'C6',7.249239,198
b'82',7.2492821,130
b'EC',7.2493231,236
b'6A',7.2518066,106
b'2D',7.2519747,45
b'C6',7.2520176,198
b'B2',7.2520612,178
b'DC',7.2521013,220
b'6D',7.2521404,109
b'2C',7.2521795,44
b'C6',7.2522182,198
b'E2',7.2522571,226
b'BB',7.2522956,187
b'75',7.2523344,117
b'25',7.2523725,37
b'B7',7.252411,183
b'62',7.2524496,98
b'4A',7.2524886,74
b'77',7.2525399,119
b'23',7.2525785,35
b'A7',7.2526169,167
b'72',7.2526927,114
b'2A',7.2527312,42
b'77',7.2527697,119
b'20',7.2528082,32
b'97',7.2528463,151
b'71',7.2528846,113
b'F8',7.2558922,248
b'78',7.256074,120
b'1E',7.2561156,30
b'87',7.2561545,135
b'81',7.2561924,129
b'D7',7.2562295,215
b'7C',7.256266,124
b'19',7.2563033,25
b'77',7.2563416,119
b'D1',7.25638,209
b'98',7.256419,152
b'7E',7.2564575,126
b'19',7.2564946,25
b'88',7.2565319,136
b'01',7.2565685,1
b'98',7.256625,152
b'81',7.256679,129
b'19',7.2567155,25
b'98',7.2567526,152
b'21',7.2567896,33
b'99',7.2568258,153
b'84',7.2568764,132
b'19',7.2569139,25
b'98',7.2569508,152
b'51',7.2599058,81
b'9D',7.2600188,157
b'89',7.2600638,137
b'17',7.2601052,23
b'10',7.2601453,16
b'59',7.2601841,89
b'E5',7.260223,229
b'04',7.2602633,4
b'3E',7.26041,62
b'53',7.2604711,83
b'3A',7.2605096,58
b'E5',7.2605482,229
b'54',7.2605867,84
b'0D',7.260644,13
b'5F',7.2607002,95
b'37',7.2607389,55
b'D6',7.260777,214
b'03',7.2608153,3
b'5C',7.2608535,92
b'61',7.2608914,97
b'33',7.2609293,51
b'B6',7.2609676,182
b'23',7.2610072,35
b'1A',7.2610461,26
b'63',7.2640048,99
b'2E',7.2641768,46
b'A6',7.2642942,166
b'32',7.2643493,50
b'DA',7.2643919,218
b'64',7.2644352,100
b'2B',7.2644768,43
b'96',7.2645176,150
b'52',7.2645589,82
b'98',7.2646012,152
b'6D',7.2646787,109
b'24',7.2647194,36
b'96',7.2647661,150
b'F2',7.2648064,242
b'49',7.2648465,73
b'71',7.2648882,113
b'20',7.2649296,32
b'97',7.2649709,151
b'32',7.2650114,50
b'3A',7.2650494,58
b'74',7.265089,116
b'23',7.2651347,35
b'A7',7.2651819,167
b'62',7.2652269,98
b'3A',7.2652675,58
b'77',7.2682422,119
b'22',7.2684172,34
b'A7',7.2684565,167
b'92',7.2684928,146
b'2A',7.2685272,42
b'7E',7.2685612,126
b'1E',7.2685949,30
b'A7',7.2686492,167
b'F1',7.2687009,241
b'EA',7.2687365,234
b'80',7.2687721,128
b'1D',7.2688077,29
b'A8',7.2688433,168
b'11',7.2688791,17
b'DA',7.2689143,218
b'81',7.2689494,129
b'1C',7.2689845,28
b'A8',7.2690287,168
b'11',7.2690639,17
b'B9',7.2690991,185
b'81',7.2691341,129
b'19',7.2691694,25
b'98',7.2692043,152
b'11',7.2692397,17
b'88',7.2724022,136
b'84',7.2726025,132
b'15',7.2727055,21
b'88',7.2727468,136
b'41',7.2727846,65
b'49',7.272821,73
b'84',7.2728569,132
b'14',7.2728928,20
b'B8',7.2729313,184
b'51',7.2729668,81
b'3F',7.273003,63
b'86',7.273039,134
b'13',7.2730746,19
b'12',7.2731099,18
b'51',7.2731453,81
b'B5',7.2731808,181
b'A3',7.2732161,163
b'6B',7.2732542,107
b'5C',7.2732896,92
b'35',7.2733255,53
b'C5',7.273361,197
b'F3',7.2733963,243
b'5C',7.2734316,92
b'61',7.2734674,97
b'34',7.2763854,52
b'C6',7.2765601,198
b'33',7.2765975,51
b'3C',7.2766326,60
b'65',7.2767101,101
b'32',7.276747,50
b'C6',7.2767827,198
b'73',7.2768185,115
b'1C',7.2768542,28
b'6F',7.2768895,111
b'2A',7.2769246,42
b'B7',7.2769599,183
b'02',7.2769954,2
b'AB',7.2770307,171
b'71',7.2770672,113
b'28',7.2771032,40
b'B7',7.2771473,183
b'22',7.2771827,34
b'7B',7.2772185,123
b'72',7.2772539,114
b'26',7.2772893,38
b'A7',7.2773245,167
b'32',7.2773595,50
b'49',7.2773947,73
b'73',7.2804838,115
b'22',7.2806815,34
b'97',7.2807375,151
b'32',7.2807752,50
b'18',7.2808116,24
b'78',7.2808502,120
b'1D',7.2808871,29
b'87',7.2809248,135
b'91',7.2809607,145
b'B7',7.280997,183
b'79',7.2810333,121
b'1B',7.2810691,27
b'87',7.2811048,135
b'B1',7.2811405,177
b'B8',7.2811762,184
b'7C',7.2812118,124
b'1B',7.2812548,27
b'87',7.2812908,135
b'D1',7.2813264,209
b'B9',7.2813627,185
b'7F',7.281399,127
b'1B',7.2814349,27
b'98',7.2814707,152
b'01',7.2815065,1
b'B9',7.2846328,185
b'85',7.2848662,133
b'18',7.2849058,24
b'98',7.2849431,152
b'61',7.2849794,97
b'89',7.2850155,137
b'87',7.2850545,135
b'18',7.2850928,24
b'98',7.2851286,152
b'71',7.2851664,113
b'6B',7.2852022,107
b'88',7.2852376,136
b'17',7.2852731,23
b'E8',7.2853095,232
b'91',7.2853462,145
b'71',7.2853908,113
b'C4',7.2854268,196
b'FD',7.2854623,253
b'59',7.2854983,89
b'3B',7.2855338,59
b'D5',7.285583,213
b'A3',7.2856195,163
b'2C',7.2856553,44
b'5B',7.2856908,91
b'36',7.2887393,54
b'B5',7.2889911,181
b'C3',7.2890299,195
b'4B',7.289067,75
b'5D',7.2891066,93
b'32',7.289143,50
b'A5',7.2891791,165
b'E3',7.289217,227
b'09',7.2892536,9
b'66',7.2892888,102
b'29',7.289324,41
b'96',7.2893596,150
b'72',7.2893946,114
b'99',7.2894296,153
b'69',7.2894647,105
b'28',7.2895078,40
b'A6',7.2895434,166
b'B2',7.2895787,178
b'8A',7.2896141,138
b'6D',7.2896493,109
b'28',7.2896847,40
b'A6',7.2897197,166
b'F2',7.2897731,242
b'7A',7.2898255,122
b'71',7.2928743,113
b'27',7.2930328,39
b'A7',7.2930822,167
b'32',7.2931236,50
b'6A',7.293163,106
b'79',7.2931997,121
b'22',7.2932359,34
b'A7',7.2932722,167
b'A2',7.2933271,162
b'1A',7.2933643,26
b'7B',7.2934003,123
b'21',7.2934361,33
b'A7',7.2934721,167
b'C2',7.2935076,194
b'0A',7.2935434,10
b'7D',7.2935791,125
b'1F',7.2936146,31
b'A7',7.2936499,167
b'E1',7.2936859,225
b'EA',7.2937214,234
b'7E',7.2937571,126
b'1D',7.2937927,29
b'A7',7.293828,167
b'E1',7.2938637,225
b'C9',7.2969327,201
b'82',7.2970504,130
b'18',7.2971434,24
b'88',7.2971784,136
b'21',7.2972127,33
b'78',7.2972464,120
b'81',7.2972802,129
b'16',7.2973136,22
b'78',7.2973471,120
b'11',7.2973829,17
b'67',7.2974189,103
b'82',7.2974527,130
b'15',7.2974861,21
b'78',7.2975202,120
b'31',7.2975545,49
b'57',7.2975889,87
b'84',7.2976227,132
b'15',7.2976639,21
b'98',7.2977378,152
b'51',7.2977899,81
b'51',7.2978576,81
b'84',7.2978936,132
b'EC',7.2979294,236
b'56',7.2979647,86
b'3C',7.301034,60
b'D5',7.3011508,213
b'83',7.3012429,131
b'AD',7.3012807,173
b'5B',7.301315,91
b'39',7.3013489,57
b'D5',7.301384,213
b'D3',7.3014181,211
b'8C',7.3014622,140
b'66',7.3014969,102
b'31',7.3015377,49
b'C6',7.3015723,198
b'82',7.3016064,130
b'FC',7.3016402,252
b'6A',7.3016752,106
b'2E',7.3017941,46
b'C6',7.3018315,198
b'B2',7.3018674,178
b'DC',7.3019033,220
b'6C',7.3019389,108
b'2C',7.3019741,44
b'C6',7.3020093,198
b'D2',7.3020443,210
b'AB',7.3020797,171
b'6E',7.3051398,110
b'28',7.305315,40
b'A6',7.3053524,166
b'E2',7.3053876,226
b'79',7.305422,121
b'73',7.3054561,115
b'21',7.30549,33
b'87',7.3055237,135
b'42',7.3055573,66
b'08',7.3055913,8
b'74',7.3056259,116
b'1F',7.3056633,31
b'87',7.3056978,135
b'51',7.3057721,81
b'E8',7.3058077,232
b'76',7.3058434,118
b'1B',7.305879,27
b'87',7.3059223,135
b'81',7.3059575,129
b'E8',7.3059928,232
b'7A',7.3060277,122
b'1E',7.3060628,30
b'87',7.3060976,135
b'F1',7.3061326,241
b'B9',7.3092549,185
b'80',7.3093717,128
b'1B',7.3094085,27
b'98',7.3094993,152
b'21',7.3095342,33
b'B9',7.3095682,185
b'83',7.3096021,131
b'1A',7.3096384,26
b'A8',7.3096722,168
b'41',7.3097059,65
b'AA',7.3097605,170
b'84',7.3098128,132
b'1A',7.3098502,26
b'A8',7.3098867,168
b'51',7.3099223,81
b'9A',7.309958,154
b'86',7.3099931,134
b'19',7.3100373,25
b'98',7.3100731,152
b'71',7.3101093,113
b'81',7.3101458,129
b'25',7.3101816,37
b'6D',7.310217,109
b'51',7.3102526,81
b'41',7.3131968,65
b'D5',7.3133259,213
b'23',7.3133696,35
b'FC',7.3134113,252
b'53',7.3134462,83
b'3C',7.3134804,60
b'B5',7.3135143,181
b'43',7.3135482,67
b'9A',7.3135821,154
b'5D',7.3136157,93
b'2B',7.3136492,43
b'A5',7.3136828,165
b'F2',7.3137159,242
b'FA',7.3137933,250
b'60',7.313876,96
b'2E',7.3139118,46
b'A6',7.3139474,166
b'32',7.3139837,50
b'DA',7.31402,218
b'65',7.3140558,101
b'2C',7.314096,44
b'A6',7.3141317,166
b'72',7.3141676,114
b'CA',7.3142039,202
b'69',7.3173922,105
b'2B',7.317569,43
b'B6',7.3176063,182
b'B2',7.3176417,178
b'BA',7.317676,186
b'73',7.31771,115
b'26',7.3177828,38
b'A7',7.3178216,167
b'42',7.3178571,66
b'5A',7.3178928,90
b'76',7.3179283,118
b'25',7.3179642,37
b'B7',7.3179996,183
b'72',7.3180352,114
b'4B',7.3180728,75
b'78',7.3181092,120
b'23',7.3181525,35
b'B7',7.3181887,183
b'92',7.3182249,146
b'2B',7.3182604,43
b'7A',7.3182957,122
b'21',7.3183318,33
b'A7',7.3183673,167
b'A2',7.3184028,162
b'0A',7.3184381,10
b'7E',7.3214852,126
b'1C',7.3216592,28
b'97',7.3216968,151
b'E1',7.3217548,225
b'B8',7.3218091,184
b'7E',7.3218459,126
b'1A',7.3218824,26
b'87',7.3219182,135
b'E1',7.3219538,225
b'97',7.3219895,151
b'7E',7.3220247,126
b'18',7.32206,24
b'77',7.3220952,119
b'F1',7.3221305,241
b'77',7.322169,119
b'80',7.3222053,128
b'17',7.3222405,23
b'78',7.3222845,120
b'11',7.3223195,17
b'78',7.3223548,120
b'85',7.3223898,133
b'15',7.3224249,21
b'B8',7.32246,184
b'61',7.3224953,97
b'6E',7.3256263,110
b'88',7.3258473,136
b'15',7.3258862,21
b'11',7.325924,17
b'56',7.3259604,86
b'D5',7.3259961,213
b'14',7.3260325,20
b'1D',7.3260681,29
b'5C',7.3261032,92
b'39',7.3261389,57
b'D5',7.3261744,213
b'F3',7.3262097,243
b'7D',7.3262449,125
b'61',7.3262802,97
b'36',7.3263154,54
b'D6',7.3263537,214
b'23',7.3265113,35
b'5C',7.3265608,92
b'64',7.3266049,100
b'33',7.3266478,51
b'C6',7.3266902,198
b'52',7.3267308,82
b'CC',7.3267737,204
b'66',7.3268357,102
b'30',7.3296222,48
b'C6',7.329842,198
b'72',7.3298859,114
b'EA',7.3299233,234
b'6D',7.3299602,109
b'27',7.3299966,39
b'A6',7.3300326,166
b'E2',7.3300692,226
b'69',7.3301079,105
b'6E',7.3301436,110
b'24',7.330179,36
b'96',7.3302147,150
b'E2',7.3302502,226
b'38',7.3302859,56
b'6F',7.3303213,111
b'22',7.3303567,34
b'87',7.3304344,135
b'12',7.3304712,18
b'29',7.3305064,41
b'73',7.3305421,115
b'21',7.3305774,33
b'97',7.3306126,151
b'42',7.3306478,66
b'19',7.3306828,25
b'7B',7.3337602,123
b'1E',7.3340018,30
b'97',7.3340409,151
b'C1',7.3340778,193
b'B9',7.3341142,185
b'7E',7.3341502,126
b'1D',7.3341856,29
b'97',7.3342211,151
b'F1',7.3342567,241
b'DA',7.3342924,218
b'80',7.3343278,128
b'1D',7.3343636,29
b'A8',7.3343988,168
b'11',7.3344341,17
b'CA',7.3344696,202
b'82',7.3345137,130
b'1C',7.3345496,28
b'A8',7.3345886,168
b'21',7.334625,33
b'BA',7.3346623,186
b'86',7.3346981,134
b'18',7.334734,24
b'98',7.3347696,152
b'61',7.3348052,97
b'89',7.3379261,137
b'87',7.3381352,135
b'17',7.338174,23
b'A8',7.3382112,168
b'61',7.3382472,97
b'6B',7.3382834,107
b'86',7.3383192,134
b'15',7.3383547,21
b'D8',7.3383899,216
b'61',7.3384253,97
b'4F',7.3384602,79
b'86',7.3384955,134
b'13',7.3385301,19
b'11',7.3385652,17
b'46',7.3385999,70
b'A5',7.3386429,165
b'73',7.3386781,115
b'5A',7.3387134,90
b'5A',7.338752,90
b'34',7.338788,52
b'B5',7.3388229,181
b'C3',7.3388957,195
b'3B',7.3389288,59
b'5F',7.3389621,95
b'33',7.342198,51
b'B6',7.3423607,182
b'13',7.3424092,19
b'2B',7.3424537,43
b'6A',7.3424968,106
b'2C',7.3425404,44
b'B6',7.3425834,182
b'C2',7.3426246,194
b'BC',7.3426687,188
b'6E',7.342713,110
b'2A',7.3428249,42
b'C6',7.3428943,198
b'F2',7.3429358,242
b'AB',7.3429722,171
b'71',7.343012,113
b'29',7.3430479,41
b'B7',7.3430841,183
b'22',7.3431199,34
b'8B',7.343156,139
b'73',7.3431955,115
b'27',7.3432325,39
b'B7',7.3432689,183
b'42',7.3433054,66
b'6A',7.3433415,106
b'7A',7.3461361,122
b'21',7.3462526,33
b'A7',7.3462895,167
b'A2',7.3463254,162
b'09',7.3463598,9
b'7A',7.346394,122
b'1E',7.3464277,30
b'87',7.3464612,135
b'A1',7.3464952,161
b'D8',7.3465293,216
b'7A',7.3465627,122
b'1C',7.3465986,28
b'87',7.3466321,135
b'B1',7.3466657,177
b'B7',7.3466991,183
b'7B',7.3467324,123
b'17',7.3467723,23
b'87',7.3468451,135
b'C1',7.3468804,193
b'A7',7.3469157,167
b'81',7.3469537,129
b'17',7.3469898,23
b'88',7.347025,136
b'21',7.34706,33
b'78',7.3501549,120
b'83',7.3503269,131
b'17',7.3503638,23
b'88',7.3503992,136
b'41',7.3504341,65
b'79',7.3504686,121
b'86',7.3505025,134
b'17',7.3505361,23
b'98',7.3505696,152
b'71',7.3506031,113
b'7B',7.3506366,123
b'87',7.3506722,135
b'17',7.3507055,23
b'D8',7.3507402,216
b'91',7.3507736,145
b'71',7.3508469,113
b'D4',7.3508902,212
b'ED',7.3509257,237
b'59',7.3509605,89
b'3C',7.3509956,60
b'D5',7.3510307,213
b'B3',7.3510688,179
b'AD',7.3511044,173
b'5D',7.3511396,93
b'38',7.3542527,56
b'D5',7.3544275,213
b'E3',7.3544647,227
b'7C',7.3544997,124
b'66',7.3545343,102
b'2E',7.3545695,46
b'B6',7.3546038,182
b'72',7.3546379,114
b'DA',7.3546715,218
b'67',7.354705,103
b'26',7.3547382,38
b'A6',7.3547716,166
b'82',7.3548439,130
b'99',7.354879,153
b'69',7.3549142,105
b'27',7.3549493,39
b'96',7.3549842,150
b'A2',7.355027,162
b'69',7.355062,105
b'6B',7.3550973,107
b'26',7.3551356,38
b'96',7.355171,150
b'D2',7.3552098,210
b'69',7.3552456,105
b'74',7.3582258,116
b'21',7.3583939,33
b'97',7.3584323,151
b'62',7.3584687,98
b'19',7.3585037,25
b'78',7.3585388,120
b'21',7.358574,33
b'A7',7.3586088,167
b'92',7.3586432,146
b'1A',7.3586774,26
b'7B',7.3587119,123
b'20',7.358746,32
b'A7',7.35878,167
b'C2',7.3588142,194
b'0A',7.3588887,10
b'7D',7.3589243,125
b'1F',7.3589603,31
b'A7',7.358996,167
b'E1',7.3590331,225
b'FA',7.3590779,250
b'83',7.3591145,131
b'1B',7.3591514,27
b'A8',7.3591877,168
b'31',7.359227,49
b'BA',7.3624609,186
b'83',7.3625897,131
b'1A',7.3626325,26
b'98',7.3626754,152
b'41',7.3627117,65
b'99',7.3627469,153
b'83',7.3627813,131
b'18',7.3628375,24
b'88',7.3628903,136
b'31',7.3629265,49
b'78',7.3629627,120
b'83',7.3629986,131
b'16',7.3630343,22
b'78',7.3630702,120
b'31',7.3631056,49
b'51',7.3631409,81
b'05',7.363176,5
b'1B',7.3632112,27
b'4D',7.3632462,77
b'3D',7.3632813,61
b'B5',7.3633162,181
b'03',7.3633513,3
b'CB',7.3633865,203
b'53',7.3634218,83
b'3B',7.366503,59
b'B5',7.366681,181
b'53',7.3667186,83
b'AB',7.366754,171
b'60',7.366788,96
b'32',7.3668445,50
b'B6',7.3668966,182
b'33',7.3669346,51
b'1C',7.3669699,28
b'64',7.3670051,100
b'30',7.3670414,48
b'C6',7.3670765,198
b'72',7.3671113,114
b'FC',7.3671466,252
b'69',7.3671819,105
b'2F',7.3672171,47
b'C6',7.3672607,198
b'A2',7.3672959,162
b'DC',7.367331,220
b'6C',7.3673661,108
b'2D',7.3674011,45
b'C6',7.3674362,198
b'D2',7.3674711,210
b'7B',7.3675059,123
b'74',7.3706053,116
b'26',7.3707835,38
b'B7',7.3708212,183
b'52',7.3708952,82
b'5A',7.3709361,90
b'75',7.3709724,117
b'23',7.3710078,35
b'A7',7.3710442,167
b'62',7.3710792,98
b'29',7.3711147,41
b'76',7.3711502,118
b'20',7.3711855,32
b'97',7.3712219,151
b'61',7.3712578,97
b'F8',7.3712933,248
b'76',7.3713286,118
b'1E',7.3713718,30
b'87',7.3714077,135
b'61',7.371443,97
b'D7',7.3714792,215
b'7B',7.3715146,123
b'1A',7.3715502,26
b'87',7.3715856,135
b'D1',7.3716207,209
b'A8',7.3716557,168
b'7E',7.3747531,126
b'1A',7.3749763,26
b'88',7.3750162,136
b'01',7.3750528,1
b'79',7.3750891,121
b'81',7.3751254,129
b'1A',7.3751612,26
b'98',7.375197,152
b'21',7.3752328,33
b'A9',7.3752687,169
b'83',7.3753069,131
b'19',7.3753427,25
b'98',7.3753786,152
b'51',7.375414,81
b'9B',7.3754497,155
b'88',7.3754851,136
b'17',7.3755302,23
b'E8',7.3755655,232
b'91',7.3756007,145
b'71',7.3756359,113
b'05',7.3756715,5
b'9E',7.3757067,158
b'50',7.3757416,80
b'44',7.3757768,68
b'E5',7.3788594,229
b'24',7.3791025,36
b'1D',7.3791441,29
b'5C',7.379182,92
b'38',7.3792186,56
b'D5',7.3792552,213
b'D3',7.3792927,211
b'6C',7.3793289,108
b'5E',7.3793645,94
b'34',7.3793999,52
b'B5',7.3794354,181
b'F3',7.3794709,243
b'1A',7.3795064,26
b'60',7.379542,96
b'2F',7.379577,47
b'A6',7.3796127,166
b'12',7.3796558,18
b'EA',7.3796912,234
b'62',7.3797263,98
b'2C',7.3797614,44
b'A6',7.3797965,166
b'42',7.379833,66
b'B9',7.3798687,185
b'6C',7.3799043,108
b'26',7.395773,38
b'96',7.3959528,150
b'E2',7.3959992,226
b'6A',7.396041,106
b'70',7.3960832,112
b'25',7.3961254,37
b'A7',7.3961673,167
b'22',7.3962084,34
b'5A',7.3962505,90
b'74',7.3962935,116
b'24',7.3963372,36
b'A7',7.3963791,167
b'52',7.3964208,82
b'4A',7.3964678,74
b'77',7.3965095,119
b'23',7.3965512,35
b'B7',7.396609,183
b'82',7.3966504,130
b'3A',7.3966927,58
b'7D',7.3967352,125
b'1F',7.3967778,31
b'A7',7.3968199,167
b'E1',7.3968648,225
b'EA',7.3969079,234
b'7F',7.3969475,127
b'1E',7.3970218,30
b'A8',7.3970618,168
b'01',7.3971043,1
b'DA',7.3971479,218
b'80',7.397188,128
b'1C',7.39723,28
b'98',7.3972716,152
b'01',7.3973312,1
b'B9',7.3973809,185
b'80',7.3974189,128
b'1A',7.3974592,26
b'88',7.3974991,136
b'01',7.3975398,1
b'98',7.3976589,152
b'83',7.397703,131
b'16',7.397752,22
b'78',7.3977925,120
b'31',7.3978332,49
b'47',7.397874,71
b'83',7.3979728,131
b'14',7.3980129,20
b'98',7.3980532,152
b'41',7.398103,65
b'4B',7.3981483,75
b'85',7.3981889,133
b'14',7.3982298,20
b'E8',7.3983008,232
b'71',7.3983449,113
b'51',7.398395,81
b'14',7.3984364,20
b'AC',7.398478,172
b'5A',7.398536,90
b'38',7.3986443,56
b'C5',7.3987184,197
b'C3',7.3987612,195
b'7C',7.3988021,124
b'5F',7.3988431,95
b'36',7.3988849,54
b'D6',7.3989271,214
b'13',7.3990093,19
b'5C',7.3990521,92
b'63',7.3990918,99
b'34',7.399131,52
b'C6',7.39917,198
b'43',7.3992148,67
b'2C',7.3992756,44
b'6D',7.3994076,109
b'2C',7.3994536,44
b'C6',7.3995254,198
b'E2',7.3995675,226
b'BC',7.3996169,188
b'6F',7.399665,111
b'29',7.3997044,41
b'B7',7.3997452,183
b'02',7.3997861,2
b'8A',7.3998293,138
b'70',7.3998712,112
b'22',7.3999443,34
b'A7',7.4000203,167
b'12',7.4000615,18
b'59',7.4001026,89
b'71',7.4001457,113
b'23',7.400188,35
b'87',7.4002332,135
b'12',7.4002795,18
b'28',7.4003281,40
b'76',7.4003816,118
b'1D',7.400452,29
b'87',7.4004993,135
b'71',7.4005478,113
b'D8',7.4006231,216
b'78',7.4006749,120
b'1C',7.4007305,28
b'87',7.4007943,135
b'A1',7.4008522,161
b'C8',7.4008998,200
b'7C',7.4009475,124
b'1C',7.4010312,28
b'97',7.4010773,151
b'D1',7.4011255,209
b'C9',7.4011774,201
b'7F',7.4012538,127
b'1C',7.4013137,28
b'98',7.4013715,152
b'01',7.4014273,1
b'C9',7.4014849,201
b'84',7.4015484,132
b'17',7.4016273,23
b'98',7.4016897,152
b'61',7.401747,97
b'99',7.4018014,153
b'87',7.4018558,135
b'18',7.4019488,24
b'98',7.4020152,152
b'71',7.4020729,113
b'89',7.4037268,137
